<?xml version="1.0" encoding="UTF-8"?>
<beans xmlns="http://www.springframework.org/schema/beans"
	xmlns:xsi="http://www.w3.org/2001/XMLSchema-instance"
	xmlns:context="http://www.springframework.org/schema/context"
	xsi:schemaLocation="http://www.springframework.org/schema/beans http://www.springframework.org/schema/beans/spring-beans.xsd
		http://www.springframework.org/schema/context http://www.springframework.org/schema/context/spring-context-4.3.xsd">


	<bean id="dataSource"
		class="org.apache.commons.dbcp.BasicDataSource">
		<property name="driverClassName"
			value="com.mysql.jdbc.Driver" />
		<property name="url"
			value="jdbc:mysql://localhost:3306/my_bank" />
		<property name="username" value="root" />
		<property name="password" value="root1234" />
	</bean>
	
	<context:component-scan base-package="com.example.repository,com.example.service"/>

	<!-- 
	<bean id="jdbcAccountRepository"
		class="com.example.repository.JdbcAccountRepository">
		<constructor-arg ref="dataSource" />
	</bean> 

	<bean id="txrService"
		class="com.example.service.NEFTTxrServiceImpl">
		<constructor-arg ref="jdbcAccountRepository" />
	</bean>
	 -->



</beans>
